{"cameraMode":{"drawMode":0,"name":"Shaded","section":"Shading Mode"},"sceneLighting":true,"audioPlay":false,"sceneViewState":{"m_AlwaysRefresh":false,"showFog":true,"showSkybox":true,"showFlares":true,"showImageEffects":true,"showParticleSystems":true,"showVisualEffectGraphs":true,"m_FxEnabled":true},"in2DMode":false,"pivot":{"x":2.9289660453796388,"y":0.2205057144165039,"z":-5.045127868652344},"rotation":{"x":0.22480963170528413,"y":0.00013248308096081018,"z":-0.000704824982676655,"w":0.9741683006286621},"size":1.5519332885742188,"orthographic":true}